{"cameraMode":{"drawMode":0,"name":"Shaded","section":"Shading Mode"},"sceneLighting":true,"audioPlay":false,"sceneViewState":{"m_AlwaysRefresh":false,"showFog":true,"showSkybox":true,"showFlares":true,"showImageEffects":true,"showParticleSystems":true,"showVisualEffectGraphs":true,"m_FxEnabled":true},"in2DMode":false,"pivot":{"x":0.938018798828125,"y":1.2172269821166993,"z":-1.5986576080322266},"rotation":{"x":-0.0660761296749115,"y":0.9230087399482727,"z":-0.18403920531272889,"w":-0.33139002323150637},"size":10.078089714050293,"orthographic":false}