{"cameraMode":{"drawMode":0,"name":"Shaded","section":"Shading Mode"},"sceneLighting":true,"audioPlay":false,"sceneViewState":{"m_AlwaysRefresh":false,"showFog":true,"showSkybox":true,"showFlares":true,"showImageEffects":true,"showParticleSystems":true,"showVisualEffectGraphs":true,"m_FxEnabled":true},"in2DMode":false,"pivot":{"x":-0.6583415865898132,"y":-10.770962715148926,"z":-5.962834358215332},"rotation":{"x":-0.016680045053362848,"y":0.8835020661354065,"z":-0.46706923842430117,"w":-0.03155350312590599},"size":8.312284469604493,"orthographic":false}